ID,Segmentation
765,B
521,B
9409,C
8948,A
6116,A
5936,A
5088,A
452,D
7394,D
4537,C
5674,D
4568,D
9291,C
6005,C
4717,A
6917,B
10558,C
8137,D
4571,A
9539,D
9455,D
10104,D
10622,D
1716,C
9877,B
9873,B
5610,C
4875,B
9151,D
2226,D
6722,C
3922,D
10564,D
9598,B
10066,D
622,B
5289,C
7828,A
1759,D
5502,D
5370,B
4085,A
8342,A
1651,C
6259,B
693,D
1043,D
7819,B
4282,C
847,D
1842,D
8139,C
10437,B
1369,A
891,D
1486,A
8397,A
3278,A
5367,B
10348,B
746,A
1601,B
5132,A
4835,D
4885,A
3626,B
6749,D
6319,A
2357,A
1872,B
5079,D
7755,D
3741,A
7028,B
1502,A
3802,A
1742,D
3076,D
3655,A
9374,B
4805,B
2622,D
9322,B
3119,D
5688,D
4198,D
7573,C
74,C
4326,C
1354,B
7510,C
4052,A
2554,A
61,B
10649,A
4747,D
8659,A
6451,A
7702,C
3491,A
7197,B
196,B
4525,B
8206,B
5061,B
10381,A
7502,A
1596,C
8634,B
6592,A
6278,D
5232,D
132,D
4659,C
2322,A
9254,D
1775,C
8362,B
9345,C
5798,A
3926,C
7023,C
2693,B
1946,A
6823,B
7038,A
6884,D
9177,D
24,C
8069,A
8747,C
5801,A
3115,D
7929,C
9649,C
4846,D
645,D
9622,A
5123,A
7248,A
243,A
8516,A
8110,D
1067,A
8504,B
291,A
5725,A
9636,B
10362,B
9556,A
2947,A
2608,B
7471,D
4928,C
9831,A
3203,D
4806,C
1276,A
3940,D
10090,D
9997,A
7185,D
6398,B
3770,D
6719,D
9535,A
8020,C
8004,C
3570,D
2251,A
8095,B
2514,B
2689,D
5793,A
8656,D
3173,A
2793,A
1311,C
2557,D
6379,D
409,C
4018,C
2615,B
10662,D
5696,A
7968,B
9627,C
2457,A
1864,D
1696,D
1943,A
3265,A
1008,A
6307,C
5525,B
5722,D
9821,D
1058,C
5131,A
7360,A
8704,A
5006,A
6312,A
2139,C
6780,C
7387,B
3999,D
3100,D
5099,D
7409,B
546,B
1461,B
9655,C
9184,B
6072,B
7519,A
6841,D
6758,C
2596,A
152,C
2296,C
1024,B
7834,A
6952,B
10573,D
7709,A
10125,C
2382,C
6392,B
10394,D
2185,D
2909,D
4204,C
8161,D
1243,D
604,A
901,D
3888,C
10517,A
10143,B
4121,D
10608,B
10166,B
3459,D
783,B
2983,D
10613,D
3656,A
600,D
7508,A
114,C
5585,D
1301,C
2707,C
7823,B
6461,A
2751,A
6389,A
9804,B
1683,A
6415,A
2152,A
9728,A
9789,A
1485,A
5885,B
824,D
7942,A
810,D
8640,C
4130,B
7829,B
1477,A
7251,D
8162,D
7788,A
1843,B
5402,C
3506,D
6669,D
5341,C
2313,A
70,A
9768,B
6496,A
2939,C
9640,A
10359,C
9572,A
2490,A
2629,A
3869,D
4684,A
7154,A
1974,A
10268,C
5958,B
7805,B
10449,C
926,B
4521,A
4264,C
288,D
3431,D
9842,C
5348,D
3647,C
9579,D
1837,B
6272,A
6163,C
3416,C
7697,D
1997,C
4736,B
4186,D
4857,B
5568,B
10338,D
6793,D
1895,A
1294,D
10290,A
7754,C
10618,D
4990,A
5702,C
6368,C
10110,D
1241,D
7980,B
4123,B
2882,B
8378,C
5186,A
7818,C
1292,C
8365,A
2657,A
8272,B
6718,D
733,A
8214,B
2594,C
1449,D
8530,B
8149,C
10280,A
1833,A
8286,D
4641,C
9352,D
1200,D
3519,B
3424,D
348,C
10204,B
8885,A
3169,A
9677,A
1011,D
6566,B
9400,A
10168,D
8947,D
4361,D
2953,B
9841,B
7146,D
4173,A
3224,C
830,C
7790,A
259,B
10512,D
8845,D
3210,A
7388,B
5645,D
6743,B
3170,B
3054,A
4276,B
4035,D
3651,A
3412,B
7833,C
8638,A
5541,B
4994,A
3539,B
6313,B
182,A
4744,A
6453,B
2042,A
1984,A
6245,A
6077,D
3666,C
2738,D
4120,D
3365,B
4377,C
6579,A
2157,D
9817,D
4586,C
5603,D
10120,B
2476,B
9466,A
8199,A
7782,D
3504,A
4019,A
517,B
9687,B
93,B
2779,A
4793,B
9666,D
10399,B
577,C
258,D
7218,C
10443,D
10546,C
8587,D
9945,A
7930,A
5771,A
477,A
8648,D
2997,D
4168,A
1070,B
4768,D
8539,D
7112,C
2312,C
10039,C
10182,D
4463,C
921,A
7253,C
262,D
8673,D
6126,B
9894,C
6524,C
10499,C
7271,C
2873,A
6831,C
10548,B
7841,D
4430,D
6869,D
3255,C
4318,B
6772,A
9743,B
1184,D
9070,A
9600,C
7995,D
9467,C
5739,C
3622,D
8537,B
7208,D
8247,D
7016,D
5728,D
7157,B
2441,D
6698,D
8173,B
6340,D
6001,A
7691,C
10486,C
9228,A
7943,D
7372,C
1963,D
5879,B
7350,B
8534,A
10483,B
6926,D
9332,B
7901,A
10390,A
7436,B
9029,A
543,B
1626,D
192,D
3368,A
4650,C
4181,A
6128,D
9080,D
1365,D
8403,D
4467,C
5089,A
8241,A
6731,A
6591,D
4285,D
8347,D
3502,C
754,B
9932,A
3371,D
8067,B
6558,D
2658,A
6426,C
6300,B
2816,C
6988,C
4189,A
4385,C
2141,C
3143,C
9201,A
11,A
4561,D
5263,A
5135,B
3488,D
7883,C
9753,B
9702,D
17,A
5833,D
6568,D
4373,D
5703,C
7915,D
8610,A
342,D
232,D
1893,C
9004,C
3827,B
1978,C
10058,D
3414,B
3906,C
7213,B
9051,B
7164,B
7228,A
2004,A
5254,C
8079,C
6732,D
8868,D
3496,B
9758,A
8982,A
9362,C
5411,A
6124,C
8037,C
102,A
2188,C
3565,A
5290,B
5773,A
4789,C
1578,A
149,D
5309,C
7617,C
5697,A
4317,D
4625,A
10252,D
10032,D
602,C
4048,C
4609,A
4950,D
3335,C
8132,A
6560,D
3947,D
3896,A
9064,B
8834,C
1668,C
1293,D
1355,B
4142,D
8695,D
3704,A
762,B
414,A
4915,D
6441,B
2881,A
5308,A
3810,B
8802,B
5028,A
7538,D
10063,A
1939,B
3536,A
3936,B
6045,C
3920,C
10313,B
9754,B
7207,C
6593,B
7272,A
8880,A
5139,D
2154,B
9189,D
7839,D
4506,D
9025,D
1026,C
9433,D
2662,A
10427,B
829,A
3753,B
7870,C
10096,B
5199,A
5394,C
7127,B
5281,D
5440,A
5078,D
8216,B
4001,C
10655,A
6565,C
3664,A
3107,A
1500,B
8739,B
5694,D
7637,D
3295,D
8861,D
4367,C
1318,D
30,B
9200,D
6373,B
1965,A
1518,D
4414,B
6061,A
6194,D
2862,B
4037,B
1861,D
2168,D
2272,A
6004,A
6258,D
7335,C
10674,B
341,A
6502,A
7132,C
9491,B
3195,C
3379,A
278,B
5104,A
4818,C
4801,A
1458,B
9032,B
857,D
5002,B
8314,B
2572,A
5763,C
8386,C
8882,B
9695,D
5900,B
10248,A
9652,A
4270,D
6583,A
6983,A
8692,C
4324,B
1884,A
6532,D
7772,D
8714,D
10191,B
9557,D
5893,D
3814,D
6972,D
10639,D
6178,C
5929,B
3584,A
5434,D
4007,A
5495,C
1785,B
9686,C
7266,D
1185,D
10155,D
8309,A
2218,B
7195,C
6331,A
6069,B
10025,A
4550,A
9411,A
5542,B
8583,C
3051,D
10606,C
2305,A
8296,D
200,C
2782,B
6309,B
10460,D
2880,D
399,A
8196,A
8606,A
7545,D
5364,B
3390,A
5051,A
8767,A
5789,C
10212,B
1497,A
9915,D
4450,A
7639,C
6726,B
6514,A
570,A
6535,D
6476,C
2946,B
6295,C
3799,B
607,A
5408,C
718,B
2619,C
2559,C
4811,D
7998,B
4945,C
8883,B
1456,A
7373,B
2579,A
730,B
4287,C
2460,D
4191,D
1394,A
255,A
9769,B
1228,D
4574,A
8710,A
4987,A
5765,D
10184,C
10235,A
4055,D
573,D
6034,B
1825,D
4394,D
1714,D
6861,C
5317,D
4105,A
2857,D
7291,D
8964,A
10245,D
7701,A
1612,C
3649,B
4332,A
2005,B
612,C
10352,A
10446,C
2498,A
1042,D
10568,D
9628,C
5345,C
9890,B
3621,C
9227,C
571,D
7310,A
2787,A
8514,C
6550,B
2001,D
6409,B
8974,A
5508,C
6518,B
1090,D
2215,A
6554,B
5604,A
540,B
7037,A
737,C
10046,B
3634,B
5595,A
6195,A
5743,D
6931,B
8003,C
5532,D
141,D
4429,A
4565,C
1538,D
9615,A
8432,C
5752,B
6529,C
2858,B
5330,D
9294,A
9540,D
6324,C
1339,C
10149,D
9773,D
2671,A
7537,A
7950,A
2474,D
6971,A
7924,D
1592,D
8719,B
4476,B
7050,A
5997,D
7029,A
10685,C
918,C
7733,D
2639,D
9901,B
2942,B
3373,D
7972,D
5034,A
7997,A
5225,A
6858,D
5882,A
9439,A
4251,D
7431,D
6827,C
9803,B
6464,B
5883,B
2213,A
4887,A
5017,D
2389,D
4349,A
2526,C
8284,C
7973,A
4370,C
1149,C
3019,A
7042,D
1377,C
8871,C
9089,D
3608,B
3359,C
4968,A
10133,A
2650,A
2760,B
8426,B
10240,B
1273,B
5203,B
1735,B
10282,D
4003,B
3737,B
5917,B
7395,A
3811,D
1395,B
1337,C
8093,A
10062,C
3254,D
2047,D
4980,B
9171,A
7548,B
8100,B
39,D
3468,C
779,C
2310,B
35,A
4921,C
3307,B
860,C
3218,D
1656,B
1481,B
1526,D
6170,C
5441,A
2225,B
178,A
7536,A
1587,D
7010,C
7521,A
2744,A
7734,B
395,D
8452,D
3693,D
5680,D
4554,A
9296,B
9043,A
2031,B
6706,D
10434,B
10257,D
7936,A
4956,B
8833,A
2614,B
3866,B
9984,D
2775,D
4426,C
1741,C
8969,B
7404,C
2564,C
6806,D
7149,C
9797,A
9131,D
554,A
4995,D
5202,C
9505,C
4859,D
4791,B
7159,B
10327,A
937,B
6747,B
8763,C
8915,C
3433,A
1734,A
809,C
2292,C
6937,A
6990,C
7371,C
4794,D
800,D
5844,B
1754,C
9623,C
9974,A
422,D
5347,D
3299,B
5393,B
7817,D
59,B
2090,D
1436,B
6396,C
9383,C
4808,D
4249,D
375,A
5432,D
6923,D
1763,B
7927,C
5774,C
3284,B
3700,C
582,B
4122,C
2889,A
9358,B
9634,C
3758,A
10377,D
7934,D
9056,A
1783,B
4657,B
6985,D
4766,D
8055,C
3184,B
4357,D
10073,D
1442,A
1262,A
6183,A
9114,B
5558,C
9058,D
2206,B
2100,A
10018,C
2450,C
10098,D
2458,C
5261,D
5907,D
8174,C
679,A
6867,B
8427,A
9980,B
7386,D
5646,A
8029,A
4162,A
7304,A
6081,B
5486,A
4829,A
8726,D
7669,A
5515,D
2618,D
2928,C
3798,A
9950,D
931,C
8755,D
9049,D
1506,C
3715,B
2379,D
9668,A
7426,C
1664,D
10003,B
7439,B
5709,C
6904,C
1909,D
5872,C
4174,D
1846,B
4594,B
503,D
5284,C
8131,D
7966,C
8071,D
8136,C
3663,A
7946,A
5262,C
5632,D
2626,C
1949,C
6440,B
95,B
5918,B
1381,D
431,A
4934,B
9213,C
4662,B
3428,A
8444,B
6316,C
6292,C
3960,C
6759,C
4903,B
8762,B
8317,B
9609,D
3256,A
2461,B
9024,D
1860,A
72,A
9340,A
9147,D
687,C
4133,B
9633,B
5059,D
1956,B
1563,B
4924,A
8169,D
10569,B
719,B
386,D
6612,D
9320,C
268,D
6031,B
10035,A
7060,C
10660,C
9324,C
3843,D
2890,B
2844,D
9275,B
10666,B
7462,C
504,A
519,D
1443,C
6684,C
1097,D
412,C
4930,D
2987,D
5357,D
7611,A
8442,C
9124,A
4499,A
7728,A
3511,C
9900,B
8907,A
984,D
242,A
9644,C
856,A
3219,B
6744,A
2548,D
8282,D
1345,C
6768,C
85,C
8981,A
8410,D
9717,A
2456,C
5373,C
6243,B
3165,D
6503,B
1118,D
6946,B
8579,C
3949,C
661,A
4488,C
5271,A
576,D
6200,D
8797,C
1702,D
4877,D
1430,D
6501,B
4687,D
4169,C
7465,B
7138,B
9847,C
5981,B
656,A
1343,A
9313,B
328,D
2849,B
7221,A
3135,D
9586,B
4728,B
5326,D
4689,C
10502,B
6423,A
9007,C
5877,B
1084,D
7842,D
1147,B
2279,D
7107,B
6486,B
5035,C
8894,D
3153,A
6383,A
3133,C
1619,C
2719,A
8827,B
4640,C
1217,B
7894,A
8952,A
2991,D
5614,B
2978,B
6133,B
5380,C
8759,B
5655,D
6120,B
7566,A
9630,A
749,C
4135,A
4108,C
10542,D
6507,C
6335,B
9575,C
10614,B
8377,C
1695,D
318,B
10472,B
4000,D
4655,C
10605,A
10158,C
6600,B
9284,C
5471,D
3393,A
7240,D
5943,D
5954,B
3735,D
505,A
3537,B
8811,B
2586,A
3995,C
0,D
5479,A
7876,A
4422,C
8488,B
9357,D
6733,D
4481,D
6584,D
5987,C
7234,B
1715,B
10127,C
4802,D
9522,C
967,B
5278,A
3314,A
6305,A
1419,D
10170,A
5640,B
9297,C
331,A
2038,C
9929,D
10279,C
6664,B
3889,B
7265,C
7928,A
10686,D
3577,D
2541,D
8995,D
4070,C
1529,B
9679,A
1020,B
3078,A
1460,A
6881,D
1161,B
2396,A
5754,A
4725,B
9241,D
9242,D
4860,B
7546,C
5442,C
5611,D
7073,D
2254,A
9646,D
4856,A
5731,B
201,B
263,B
8039,D
1083,D
1882,A
6643,B
3699,D
7201,D
702,B
5077,D
2026,A
7153,A
877,B
6101,A
3046,B
1613,D
4038,D
2006,A
3185,A
7210,D
1902,B
8405,D
5378,C
1654,B
8066,A
5092,D
3244,D
5901,A
6395,B
5182,A
2274,C
7957,A
8341,C
10400,D
1446,B
1831,D
9031,C
8752,D
3898,D
898,B
3126,B
4183,A
3563,A
2339,B
6046,A
10518,D
4918,D
3553,D
4917,A
8800,C
6873,C
7786,B
7756,B
587,D
2369,D
8936,A
5136,B
10578,D
2692,C
7916,D
9745,A
3540,A
7237,D
4531,A
1048,A
10496,B
7591,D
6853,B
3897,B
7751,B
6055,A
8838,C
3018,A
4090,A
4203,A
4436,B
9607,A
548,A
2037,A
3797,B
9565,D
6893,D
2407,D
4097,C
7673,D
4406,D
9957,A
2814,D
6411,D
4335,C
8436,D
4451,B
1338,D
9878,D
4475,B
10329,D
10153,A
7420,C
329,C
4268,A
1796,C
4753,A
2307,D
2025,A
7283,C
382,D
10160,D
4670,D
1205,B
8097,B
482,D
317,D
3751,A
8310,A
7260,B
8078,B
7227,D
1498,B
3796,A
3617,D
5417,D
812,D
1597,C
236,A
2083,B
9620,C
6951,C
184,B
8856,C
2433,D
6981,A
6168,B
1315,D
10572,D
7072,D
8897,B
2722,D
7281,A
4331,B
1968,D
6227,B
1724,A
4752,B
6366,A
3021,A
9112,D
8784,A
10672,D
2273,B
9761,C
7585,A
4188,D
6434,B
6425,A
4333,B
9451,B
717,A
6254,A
5670,A
5678,C
8268,A
2186,B
8191,C
45,B
1312,A
252,C
7455,B
8407,B
2077,B
8869,A
3600,B
5356,B
10126,A
2536,A
10077,B
5750,C
8349,C
9669,A
4607,A
6180,C
5637,C
7505,C
6007,A
10461,B
6646,B
3534,B
6905,C
7654,B
9531,D
10124,D
1175,C
4712,A
8370,A
7977,B
9260,D
819,D
8118,B
1550,D
7044,B
1979,D
9673,D
3935,D
5533,C
10667,D
3976,D
10519,D
759,A
6473,A
5312,A
1014,A
5624,C
1236,B
3701,A
2167,A
6354,A
881,D
1169,C
1240,C
10218,B
6887,D
4224,D
2703,D
7900,D
4017,A
4487,C
10344,A
10468,B
4673,D
1085,C
2924,D
6089,A
9795,C
7533,A
3343,A
8402,D
9371,A
188,A
6862,D
5272,A
1562,A
8578,D
2700,C
7068,A
7499,B
8536,D
731,A
4866,D
9111,A
6263,A
1522,B
752,C
5241,A
1253,A
4819,C
7810,A
6674,B
4549,A
5075,C
3530,D
7384,A
363,A
7672,B
7574,A
8388,B
5196,B
3880,D
6351,D
2949,C
3347,A
8559,A
6273,D
3450,A
3129,D
10285,B
7904,C
1580,C
10599,B
4240,D
1992,B
3800,A
7122,D
3924,B
6162,C
7662,C
7181,B
7191,A
9261,D
4899,C
8567,C
1259,C
6153,A
6723,B
5975,C
10487,A
8290,B
4961,B
9626,C
3963,D
6067,A
1234,B
10409,B
7862,B
3913,A
9510,A
5327,B
10208,A
4981,C
7532,A
4116,B
10624,D
1746,C
8540,C
2046,A
7480,A
3786,C
3933,D
8546,D
9169,C
1772,B
7435,D
6027,A
3752,C
4910,D
5200,A
4815,A
2067,C
4157,A
1189,B
2912,B
8470,D
4006,B
240,B
7020,B
4334,D
7992,D
5999,B
2163,A
5557,D
6189,C
1121,C
7757,C
1801,A
7246,B
5055,C
5778,C
8265,D
10055,D
7468,C
8922,B
9782,C
8524,C
9188,C
6908,D
2208,A
6327,D
60,D
5420,B
5012,A
372,D
795,A
8613,D
3220,D
4566,A
10424,D
5822,A
202,A
2262,B
2804,C
3945,D
1033,C
9771,D
2291,D
792,C
5497,B
2452,B
7039,A
2673,A
7878,B
9977,D
1761,A
1515,A
2740,A
3875,A
6906,B
9019,C
628,A
5072,D
8693,C
2797,B
1760,D
9465,A
3905,B
7082,A
801,A
4939,B
4871,D
6855,D
353,D
761,B
8551,D
4141,C
9591,C
3227,A
3678,A
9715,D
3558,C
7380,C
8848,D
3566,B
10340,C
7598,B
138,C
1150,B
7092,B
5160,A
1495,D
9716,D
6825,A
97,C
7785,D
4942,D
1286,B
9068,C
8860,D
7022,C
9233,A
4351,D
9269,A
2549,C
1826,A
5849,A
2,A
8985,B
358,A
5509,A
9710,B
1598,D
7001,B
10314,B
7618,D
3168,A
9493,D
6222,B
7422,A
5465,D
7859,C
5152,A
1206,A
6500,C
4313,D
5825,B
8356,B
8005,A
659,B
9422,C
6157,A
9952,B
4286,B
5959,C
6489,D
4940,C
3834,A
9072,C
1137,C
1960,D
5613,C
1828,A
7026,B
4654,C
5240,C
6704,B
3121,B
817,C
4362,A
790,A
8244,D
9015,B
4376,A
5223,D
1246,D
677,B
191,C
5027,D
559,A
1919,A
5469,B
4508,B
5719,D
10137,B
6444,A
4280,A
1032,A
2609,B
3483,A
6220,D
9047,D
4935,A
3262,C
8348,C
9911,A
10258,D
9778,C
8469,C
5201,C
7297,B
4733,A
176,C
9263,C
7890,B
5220,A
2229,A
8895,C
4435,B
581,A
10209,C
5887,A
4185,C
4906,D
9726,D
9700,A
3118,A
6236,B
2962,D
3948,D
4614,D
2612,D
2323,C
9129,C
6079,C
6472,A
9323,D
7906,D
1505,D
6385,D
7170,C
4847,A
7180,C
2003,D
2245,C
8413,B
7476,B
8202,D
9518,D
2299,B
10341,D
7758,D
7882,D
9827,D
3000,A
10255,B
6834,D
5474,B
9588,A
3047,C
9868,A
4026,A
6369,A
7961,C
6150,B
9643,A
393,D
4402,C
3854,D
685,D
4395,A
9191,D
5117,D
5803,A
377,B
4500,C
863,A
3721,A
1139,B
5726,C
10299,D
5066,C
6752,B
9526,A
1996,D
1748,D
1317,C
5616,C
5796,D
7884,A
5727,D
2925,C
6291,D
3419,A
7192,C
4745,D
1898,C
9698,C
10045,C
3216,D
10594,A
8507,A
1321,A
3405,B
5513,A
7115,B
2039,C
981,A
7960,C
5071,C
4348,C
376,A
3820,D
1999,C
8711,C
1945,D
10423,B
9989,C
8396,A
5307,D
5184,A
6255,D
9498,B
3406,A
8646,D
8049,A
4447,A
9991,A
5297,C
2285,A
6638,B
9042,C
7469,B
5948,D
47,D
7416,B
4858,B
6820,B
5001,A
1565,C
9036,B
9235,B
1666,B
6140,A
2084,A
6269,A
8435,C
6786,B
8475,C
5920,A
5832,B
9675,B
7099,D
1296,B
1037,A
7562,D
9862,A
8547,B
4103,D
6563,A
3228,B
3613,B
10587,D
6688,D
2901,A
10584,D
8548,D
5659,C
5717,D
4485,B
3381,B
4900,D
8036,B
5924,B
10485,A
1812,C
7520,D
2659,A
309,D
5041,A
949,A
2198,B
5842,D
6686,A
5881,B
4420,D
2033,B
992,A
5015,B
8817,B
5174,D
7570,A
3369,D
6654,C
2801,B
4008,A
9872,D
9914,D
744,D
4180,C
5550,B
7933,A
2915,D
1494,B
1103,B
3631,D
3015,A
5742,C
7799,C
8962,C
2597,A
4023,B
8382,B
2883,C
3514,A
220,D
7649,D
5511,B
8512,B
1151,A
4863,B
3239,A
1693,B
9447,A
3548,D
7875,A
9060,A
4711,D
2577,A
10544,C
1382,A
10687,C
7124,B
1164,A
3979,D
8832,A
3443,C
6105,D
4069,D
7863,A
9972,D
3385,B
2066,C
995,A
1972,D
932,B
6655,C
3587,B
7361,B
7962,C
3886,B
2877,D
447,B
3885,A
7561,B
9459,A
8941,A
9796,A
6530,A
2631,A
1113,C
9723,C
635,B
10521,B
2351,D
4239,A
5531,B
4434,C
6609,B
8741,D
5938,B
6466,D
8390,D
7864,A
7061,A
8178,D
4458,D
8058,D
5671,D
4776,A
9960,C
2592,D
6993,C
3692,A
3205,B
3586,C
8323,A
681,A
4427,B
10447,A
7485,A
10256,A
158,A
8092,B
4043,A
8545,B
6636,B
8679,C
4821,D
8989,A
9898,B
6488,D
2922,C
4211,C
7599,B
651,C
6459,B
1888,C
544,D
7173,C
2798,A
5026,B
6445,D
8311,D
4366,D
741,B
9103,B
2169,C
6136,A
1610,A
7381,D
5005,D
4948,A
2287,C
8703,D
1802,A
520,A
5536,C
2196,A
9278,C
2919,C
2647,B
9707,A
5514,A
8379,C
10688,C
5582,D
1795,B
1971,D
9204,B
1652,B
1800,A
10540,B
3531,B
3551,D
9853,A
7448,C
4788,A
4237,D
10464,A
8267,D
8928,C
8810,D
3569,A
10523,D
2874,B
5837,D
1428,C
2675,C
5745,A
9434,B
7204,A
7005,C
5230,D
8404,D
6618,B
2562,B
1454,D
1087,B
2532,D
3479,B
3894,D
6376,C
8447,A
10033,A
8865,A
1304,A
7255,B
7836,A
207,D
7572,D
3250,D
2534,D
8815,D
872,A
3921,A
6632,D
755,B
1060,A
3243,C
5870,B
2119,D
3839,B
1305,A
249,D
2837,A
3350,D
5412,A
10557,D
6494,A
2010,D
7006,A
9851,D
8801,D
9474,D
5556,D
33,C
5368,D
557,A
9864,D
7602,C
5044,A
3340,C
4726,C
8519,C
1935,D
2685,D
2308,D
675,A
8926,B
9255,D
8623,C
26,B
6095,C
3556,A
5175,D
6945,D
6570,B
169,B
7069,A
7413,B
4411,D
4758,A
7609,C
711,D
1207,A
3561,D
5969,A
5563,C
9013,B
8142,B
9347,C
219,D
1856,C
6900,A
8498,C
7327,A
3713,D
82,B
2537,A
4042,A
1215,C
4709,A
10122,B
1464,B
4306,B
6114,C
1632,B
4312,A
4984,B
5173,A
5334,C
4967,D
2361,A
1221,C
1073,A
9923,D
1056,A
419,B
7442,B
7390,B
2430,C
6403,A
2681,A
10533,D
2625,B
10500,A
4212,B
6037,A
5839,A
4448,B
655,A
5612,A
1130,A
2544,C
7898,C
8500,A
5592,A
7160,A
6863,C
8938,D
9331,D
7222,A
8798,D
4202,B
683,D
3020,B
9266,D
3523,B
2732,B
10462,B
784,C
7847,C
3596,A
4575,A
7458,B
3849,D
9947,A
6422,C
8532,C
745,C
3876,B
6571,B
10370,C
4296,C
2560,A
9599,A
9125,A
9012,A
1520,D
8582,A
7475,D
461,B
7289,B
5115,C
2771,A
9000,A
491,A
1817,B
5473,C
10438,A
5841,D
1688,D
9861,C
2111,B
1193,A
9108,B
6840,D
10115,C
8384,C
8604,B
1212,A
3973,A
8190,C
1027,B
4160,B
2813,A
8821,C
123,C
6725,C
10301,A
671,C
5481,A
2910,A
2770,B
3130,A
957,A
10402,A
3306,B
4679,B
9775,B
6691,D
2231,D
1877,A
6850,D
2610,A
2850,D
9390,A
3792,A
8225,C
843,A
10157,C
10211,A
892,A
5032,A
3471,C
4894,C
10221,C
2079,B
21,D
2011,A
9310,D
9504,D
5030,A
7364,D
8660,C
9198,C
9126,D
5069,B
2764,B
2649,A
6087,C
10356,A
2803,D
1918,A
6540,D
6348,B
2187,B
10547,A
3809,B
6801,A
90,D
9973,D
6304,A
8187,B
994,C
2487,A
1964,B
904,D
3604,D
1219,C
2170,C
7321,C
4904,D
1476,A
6270,A
1640,D
9799,A
10068,D
756,D
2070,B
7434,A
1496,B
532,C
1155,D
5208,B
5747,A
6830,C
506,B
9970,B
807,D
10276,B
1148,C
10328,B
2509,A
5093,A
8428,B
8954,A
5349,D
1255,C
10498,C
1737,D
5475,D
9969,D
9967,B
1897,D
993,C
8594,A
4100,D
8605,C
3033,A
440,D
8158,A
9721,C
2605,C
6586,D
300,D
117,D
6640,C
7684,C
3440,B
6693,B
6595,A
7909,C
1052,D
7130,B
2150,D
9918,C
10136,C
118,D
9382,B
955,A
10625,C
5443,A
613,A
3648,A
2383,B
2041,D
3671,B
2799,A
5827,C
1764,B
10375,C
3232,D
6885,C
8685,B
86,C
7461,A
2468,D
5816,C
7773,B
2547,D
336,A
6919,C
2604,A
2535,A
6344,B
6689,A
5310,D
611,B
9346,A
5333,A
10421,C
3686,D
6976,A
9843,A
10577,A
2447,A
1879,C
9239,C
4936,A
4050,A
4949,A
3541,A
7759,B
10630,B
8930,D
10403,D
6491,C
10641,A
3197,D
7628,A
8650,A
9061,C
3975,A
2283,D
3040,A
8853,A
2830,C
638,C
7296,B
10663,D
10408,C
10507,A
7752,A
791,D
3377,A
8001,C
2029,D
6158,C
5683,C
7062,D
6836,A
2109,D
10205,D
10382,D
2159,A
4892,B
5967,A
2058,C
9755,A
6117,C
9592,A
3396,B
4849,D
3025,B
2504,D
2132,D
6285,D
8696,B
10503,C
2898,D
9387,B
9311,D
5010,B
3942,C
321,B
7428,D
6588,C
2142,B
210,D
3452,A
8088,B
4337,A
1707,C
9965,D
3238,A
3794,A
524,A
10648,A
3289,B
8338,B
7868,A
2992,C
9187,B
2338,C
5957,A
9720,C
1425,B
1607,D
303,A
6531,C
1674,D
6668,A
5377,B
2655,A
4346,B
1173,C
5838,A
2660,B
9337,A
389,A
9319,B
2817,B
7087,B
8620,B
4389,B
4386,D
9780,C
8312,D
6166,A
5156,C
10161,C
7912,D
8565,D
4963,A
8513,A
147,D
1252,D
6364,B
10604,A
4672,D
2424,C
5224,D
5023,C
8760,C
4782,A
9618,D
7578,B
2789,C
5091,C
2558,C
3783,C
7012,B
770,D
906,D
2533,A
3389,D
3349,A
1678,D
3422,C
1793,A
6235,B
7280,B
5080,A
3812,C
648,A
3706,D
9936,D
4465,D
2822,D
1533,A
2256,B
1420,A
2189,B
2699,A
1604,D
4172,C
8919,D
7269,C
9829,D
4040,A
7055,D
7816,B
3070,B
9926,B
2847,D
10360,D
8364,D
6603,B
8992,D
5520,D
4996,D
7978,A
9075,D
2530,A
2970,B
4636,A
6102,A
4392,B
4163,B
1138,B
3177,D
1100,A
4323,C
4378,D
9962,D
8968,D
4364,C
8255,C
10638,D
366,C
2368,D
8485,C
10011,B
3503,C
2319,A
2863,A
2116,B
2158,A
1368,C
2521,C
2908,D
7079,C
10163,A
468,B
4039,A
808,A
5897,A
4555,B
8155,A
4826,D
527,D
4867,A
1579,C
1797,D
4484,A
4438,D
4486,D
7806,C
9477,B
6599,B
449,C
3575,D
8033,B
2459,B
2845,D
6978,A
1319,D
1671,D
6029,C
3851,B
523,B
6347,A
758,D
10652,D
2133,D
10479,C
1397,D
2820,A
10180,D
3871,D
9632,A
4800,A
6382,A
7951,D
5933,C
6276,B
6728,A
2746,D
5994,C
1551,D
6099,D
1299,D
4710,A
9838,C
10059,B
7136,D
6412,A
4869,C
7954,A
6064,B
2832,B
4464,A
5193,D
5459,D
6265,C
8689,D
7903,D
1077,D
6967,C
3273,B
9338,B
10636,C
7681,A
4775,C
1847,C
7290,A
488,D
4503,D
7565,D
6828,C
3498,D
9656,C
9921,D
8420,A
6666,C
3465,B
3082,D
10106,C
3137,B
4014,B
3323,D
6800,C
8468,B
1927,A
198,C
3167,C
8391,B
9393,B
408,B
541,B
2781,B
4820,B
8756,B
7979,A
773,B
9724,A
2574,C
1303,D
9689,C
5315,D
4358,A
4823,A
4449,A
2975,B
3160,C
7021,A
1925,D
7250,A
4219,B
5013,A
4215,A
5860,C
1168,A
9033,B
9435,D
9436,C
9788,C
9010,B
8506,C
7035,D
3014,A
8658,C
4713,A
8590,D
10100,D
4159,D
7631,A
9166,C
723,D
3687,A
10099,D
3691,D
1616,A
10515,A
3334,B
10429,D
4933,D
4316,A
8557,B
10425,A
5507,C
1142,A
3159,D
568,B
8185,B
7579,C
10620,B
10633,C
4573,B
8111,C
8914,C
2240,C
5869,A
7179,A
3410,B
562,D
7730,A
4099,D
7353,C
3994,C
1682,B
7831,D
5650,B
6679,C
5464,D
9813,A
2864,C
5600,D
9143,B
5737,B
8152,B
10676,B
8627,C
10000,B
9534,C
10086,C
2603,D
9975,C
4694,D
4701,D
4627,D
9468,B
1480,A
4495,D
1981,C
3836,C
10334,D
9307,A
10283,A
1995,A
9416,D
8019,C
2902,C
8612,B
5415,B
9690,B
6936,C
9749,B
8228,C
6608,A
6341,C
8746,C
5730,D
1455,B
6712,C
1691,A
2113,C
8471,C
4989,C
10273,D
2418,D
6765,B
889,D
128,C
4178,B
2401,B
2331,A
472,B
3225,C
8720,C
6543,A
2002,C
4408,D
5287,B
1374,B
7626,D
5252,D
6696,D
3801,C
1620,A
6778,D
9746,A
10264,D
2674,A
5977,C
2749,B
3063,A
6567,C
4190,A
9063,C
960,D
4693,C
9569,B
1594,A
9602,C
588,B
3037,D
3505,B
3660,B
2166,D
4647,A
9220,D
485,A
7955,D
8461,A
5276,C
8787,B
10232,B
2237,D
3387,A
6066,D
2515,C
8913,B
4960,D
696,B
9308,B
1334,B
428,B
287,A
1245,A
3148,C
6308,B
10466,C
2149,C
5179,A
6197,C
1991,A
5551,D
390,C
261,C
2936,A
8730,A
526,B
4991,B
10398,C
3962,A
8665,C
286,C
8509,C
7040,C
4338,C
10690,D
3594,A
7735,D
3716,C
2191,C
1437,C
2745,B
5973,D
9822,D
3929,B
9942,A
153,C
8367,C
8572,D
9770,A
3353,B
6992,D
1910,B
9685,A
10419,B
939,A
1082,D
4096,A
8924,B
9378,A
6948,B
4012,D
5518,B
7518,A
2214,B
8820,C
6851,D
5571,C
3394,B
8816,A
7286,C
3685,C
8518,D
8313,A
8057,C
9820,A
6410,D
2437,D
1703,B
7593,D
979,A
9594,C
2406,B
3784,D
5865,D
7194,C
9388,A
3760,C
4916,C
6697,A
9658,A
10112,C
2999,A
7640,B
1850,A
1127,A
839,B
9412,B
8129,C
2020,B
2052,C
16,A
6267,C
3002,A
10181,D
1700,B
6610,C
1306,A
1017,C
1195,D
7078,B
8732,D
4496,A
8707,B
8508,B
8825,C
5770,C
9896,D
10238,A
8591,A
4309,A
8779,C
6761,A
1359,D
10561,D
9329,C
7881,B
7500,A
2426,D
9104,C
9190,B
9840,C
8491,C
7326,A
8361,A
9993,D
9050,D
3487,C
339,B
1465,D
9903,C
9857,B
10543,A
3080,D
8171,A
5625,D
6142,C
7004,B
1917,A
9132,B
6447,A
7274,D
10250,D
7446,D
1099,D
1973,D
8777,D
8366,C
6062,A
3282,A
2427,A
2209,C
9048,D
7241,B
6435,B
7854,A
2762,C
9044,D
8633,C
7947,D
7775,A
10541,B
2806,D
3064,A
6131,C
6188,D
1235,B
4490,B
2879,C
6875,A
6043,D
6896,D
5247,C
334,D
5821,D
4855,A
5690,D
5540,B
7214,D
2235,C
6957,C
2410,D
6942,D
2708,C
2275,C
3449,D
5148,D
2103,D
2156,A
9983,C
9077,B
8085,D
7686,D
725,D
4151,C
1285,C
1982,B
9740,C
8603,D
3417,D
2112,C
935,A
9798,A
8876,C
6745,B
4059,A
1004,C
436,C
6247,C
2706,A
1229,B
686,B
1709,C
10134,D
909,B
7653,A
4445,D
6757,D
8465,D
9210,B
2040,A
9116,D
1223,D
10474,A
1948,A
2360,B
1473,D
9153,B
3682,B
10012,D
2573,B
1906,D
8281,C
1534,B
9234,D
2635,B
7926,B
5043,D
4221,C
3661,D
10078,A
8140,C
454,A
9874,B
3755,B
6639,C
1012,C
4247,D
347,B
4054,C
1634,B
5797,C
8667,A
603,B
6645,B
768,D
8671,C
2776,C
5388,B
1692,C
3684,A
1951,C
3978,D
7003,C
4809,D
9593,C
4226,A
1593,A
6421,B
7236,D
6811,B
6448,B
5466,A
8119,C
2765,A
5758,A
9508,B
3725,A
8164,C
7110,C
2802,C
4664,D
3754,C
10385,A
7899,D
3619,D
6137,A
7600,B
739,D
2523,A
66,D
2481,D
4786,B
2543,D
221,B
2155,A
5067,C
2985,C
6342,A
9355,B
2812,C
4341,D
3149,B
7198,B
5554,D
6622,D
6717,B
6979,D
8010,A
7513,D
3213,D
1132,D
3291,A
1415,B
4545,C
8167,B
8737,A
3785,D
8135,A
4644,A
1202,A
4262,D
2761,D
3573,D
5543,A
1962,C
7860,A
5404,A
3980,A
3308,C
2471,A
1010,D
10289,D
2957,D
6208,C
10052,C
6492,D
1798,A
4149,B
3971,B
3163,D
4124,C
3819,A
6519,A
9747,B
3444,D
8750,C
646,C
8018,C
3579,D
6260,B
5526,A
2555,B
854,A
7514,D
301,B
1261,C
6110,C
1706,B
4504,C
3734,C
1275,C
6903,C
8903,A
8571,A
1030,C
9335,C
1823,A
10027,A
3304,A
23,B
5105,C
8446,B
7193,D
6574,D
1256,D
933,A
10303,C
9299,D
6788,A
174,A
10673,C
1608,B
5004,C
2669,A
3776,A
4911,C
7125,D
4136,B
5764,D
3490,B
6085,A
5971,D
5963,D
10597,D
7063,B
7223,D
3077,D
850,B
4581,C
2224,D
7941,B
5947,B
4795,C
5444,D
10231,D
2696,A
475,B
1859,C
867,B
4118,A
7558,D
5403,B
9300,D
3585,B
7123,A
10393,B
9366,D
5038,C
7150,C
9928,A
2234,B
883,A
3240,A
3081,A
5548,D
6257,A
5339,D
1094,B
7689,A
10539,B
2247,A
41,A
2263,D
9563,A
9523,C
9988,C
8608,C
8224,D
9295,B
4611,A
5068,B
421,D
5476,C
10350,D
10508,A
9117,A
7938,D
9764,A
7797,B
2695,A
4578,B
2711,B
5643,B
10265,D
9765,D
7820,C
3788,B
6505,D
7147,A
954,C
8499,A
3864,C
5210,A
215,B
8529,A
6628,B
75,C
5996,A
6921,B
893,A
8148,B
1288,A
803,C
8980,A
3380,C
5389,D
5121,C
4347,D
10481,B
8108,A
10152,D
5235,A
3872,D
8,A
4111,D
6244,B
6206,B
1198,A
162,B
9330,C
6868,C
900,B
4514,A
8770,C
8213,A
5538,D
8576,D
5145,C
1244,A
7279,D
10261,B
10414,C
5431,C
7077,D
9192,A
2454,C
4637,D
5382,B
4583,A
8181,D
8758,C
157,B
